value,label
https://www.tcs.com/,benign
https://www.ril.com/,benign
https://www.infosys.com/,benign
https://onlinesbi.sbi/,benign
https://www.jio.com/,benign
https://www.hdfcbank.com/,benign
https://www.airtel.in/,benign
https://licindia.in/,benign
https://www.mahindra.com/,benign
https://www.icicibank.com/,benign
https://www.tatamotors.com/,benign
https://www.marutisuzuki.com/,benign
https://www.wipro.com/,benign
https://www.larsentoubro.com/,benign
https://www.axisbank.com/,benign
https://www.bajajauto.com/,benign
https://www.asianpaints.com/,benign
https://www.hcltech.com/,benign
https://www.tanishq.co.in/,benign
https://www.adani.com/,benign
https://www.heromotocorp.com/en-in.html,benign
https://www.royalenfield.com/in/en/home/,benign
https://www.kotak.com/en/home.html,benign
https://www.amul.com/,benign
https://www.jsw.in/,benign
https://www.ultratechcement.com/,benign
https://www.bankofbaroda.in/,benign
https://www.tvsmotor.com/,benign
https://www.daburshop.com/,benign
https://www.patanjaliayurved.net/,benign
https://www.ltimindtree.com/,benign
https://www.indusind.com/in/en/personal.html?utm_source=Google_Organic_Search,benign
https://www.indusind.com/in/en/personal.html,benign
https://www.dmartindia.com/,benign
https://www.ashokleyland.com/,benign
https://havells.com/,benign
https://www.nerolac.com/,benign
https://www.pidilite.com/,benign
https://www.titan.co.in/,benign
https://www.jindalsteel.com/,benign
https://www.naukri.com/,benign
https://www.apollotyres.com/en-in/,benign
https://www.zomato.com/,benign
https://www.swiggy.com/,benign
https://www.rapido.bike/Home,benign
https://www.phonepe.com,benign
https://bsnl.co.in/,benign
https://www.digilocker.gov.in/,benign
https://www.turnitin.com/login_page.asp,benign
https://telegram.org/,benign
https://www.irctc.co.in/nget/train-search,benign
https://www.irctc.co.in,benign
https://zerodha.com/,benign
https://groww.in/,benign
https://www.hotstar.com/in/home?ref=%2Fin,benign
https://www.hotstar.com/in/home,benign
http://serviceoffer.gov/login,malicious
http://debitmail.me/profile,malicious
https://www.washingtonpost.com,malicious
http://netflixinvest.edu/dashboard,malicious
https://www.reddit.com,benign
http://maildata.info/password,malicious
https://www.washingtonpost.com,malicious
https://www.twitter.com,benign
https://www.slack.com,benign
http://accountinstagram.info/login,malicious
https://www.nytimes.com,benign
http://discountfinance.biz/secure,malicious
http://infosync.gov/login,malicious
http://storecrypto.edu/profile,malicious
https://www.washingtonpost.com,benign
http://paypalspotify.biz/update,malicious
https://www.wellsfargo.com,benign
https://www.nytimes.com,benign
https://www.amazon.com,benign
https://www.dropbox.com,benign
http://walletservice.org/password,malicious
http://investdiscount.me/update,malicious
https://www.stackoverflow.com,benign
https://www.linkedin.com,benign
https://www.wellsfargo.com,benign
https://www.amazon.com,benign
https://www.github.com,benign
https://www.amazon.com,benign
https://www.spotify.com,benign
http://instagramsupport.co/confirm,malicious
https://www.twitter.com,benign
http://verifysecure.net/secure,malicious
https://www.github.com,benign
https://www.linkedin.com,benign
https://www.google.com,benign
https://www.reddit.com,benign
http://syncdiscount.gov/password,malicious
https://www.github.com,benign
http://blogdiscount.co/update,malicious
https://www.stackoverflow.com,benign
http://membershop.co/account,malicious
https://www.instagram.com,malicious
http://discountinstagram.gov/dashboard,malicious
http://servicecustomer.gov/verify,malicious
https://www.reddit.com,benign
https://www.twitter.com,benign
https://www.apple.com,benign
http://shopdrive.me/reset,malicious
https://www.dropbox.com,benign
https://www.nytimes.com,benign
https://www.paypal.com,benign
https://www.github.com,benign
http://cloudtwitter.me/reset,malicious
https://www.airbnb.com,benign
https://www.facebook.com,benign
http://financeblockchain.net/update,malicious
https://www.youtube.com,benign
http://facebookshop.edu/account,malicious
http://marketverify.co/reset,malicious
https://www.stackoverflow.com,benign
https://www.stackoverflow.com,benign
http://facebookconfirm.info/account,malicious
http://securebank.edu/profile,malicious
http://accountconfirm.me/login,malicious
https://www.washingtonpost.com,benign
https://www.spotify.com,benign
http://offershop.biz/dashboard,malicious
https://www.bbc.com,benign
http://communityupdate.net/dashboard,malicious
http://updateinstagram.info/verify,malicious
http://servicepaypal.gov/verify,malicious
http://blogdiscount.io/verify,malicious
https://www.spotify.com,benign
https://www.github.com,benign
http://debitsecure.net/profile,malicious
https://www.paypal.com,benign
http://backupsale.co/update,malicious
https://www.dropbox.com,benign
https://www.amazon.com,benign
http://storeamazon.biz/secure,malicious
https://www.etsy.com,benign
https://www.wellsfargo.com,benign
https://www.microsoft.com,benign
http://offeramazon.edu/dashboard,malicious
https://www.dropbox.com,benign
https://www.google.com,benign
http://financeservice.io/login,malicious
https://www.facebook.com,benign
http://dealcommunity.net/profile,malicious
https://www.linkedin.com,benign
https://www.netflix.com,benign
https://www.github.com,benign
http://accountmicrosoft.info/profile,malicious
http://customercommunity.com/secure,malicious
https://www.twitter.com,benign
http://spotifyapple.me/reset,malicious
https://www.youtube.com,benign
http://facebookgoogle.net/login,malicious
http://membershop.io/profile,malicious
https://www.ebay.com,benign
https://www.youtube.com,benign
https://www.bbc.com,benign
https://www.ebay.com,benign
http://accountblog.net/verify,malicious
https://www.google.com,benign
https://www.adobe.com,benign
http://facebookdata.gov/secure,malicious
https://www.nytimes.com,benign
https://www.microsoft.com,benign
https://www.wikipedia.org,benign
http://supportsync.com/reset,malicious
http://instagramdebit.com/account,malicious
http://investwallet.io/dashboard,malicious
https://www.slack.com,benign
http://financeinfo.gov/verify,malicious
http://creditexchange.co/verify,malicious
https://www.washingtonpost.com,benign
http://drivetwitter.io/profile,malicious
https://www.amazon.com,benign
https://www.cnn.com,benign
http://blogdeal.co/profile,malicious
https://www.wellsfargo.com,benign
http://servicesecure.edu/password,malicious
http://infotwitter.gov/reset,malicious
http://debitspotify.com/dashboard,malicious
https://www.linkedin.com,benign
http://infooffer.me/verify,malicious
http://cloudconfirm.co/update,malicious
http://paypalgoogle.info/reset,malicious
http://walletfacebook.co/login,malicious
https://www.nytimes.com,benign
http://discountupdate.com/secure,malicious
http://appletwitter.biz/confirm,malicious
http://communityshop.edu/reset,malicious
https://www.twitter.com,benign
https://www.reddit.com,benign
https://www.bbc.com,benign
https://www.linkedin.com,benign
https://www.adobe.com,benign
http://appleinvest.gov/verify,malicious
http://servicecrypto.me/reset,malicious
https://www.bbc.com,benign
https://www.linkedin.com,benign
http://blockchainnetflix.net/verify,malicious
https://www.instagram.com,benign
http://cryptoinstagram.info/verify,malicious
http://customerdrive.me/password,malicious
https://www.washingtonpost.com,benign
http://updatespotify.com/verify,malicious
http://helphelp.io/profile,malicious
http://confirmdebit.info/account,malicious
http://sellexchange.io/account,malicious
http://financesync.org/profile,malicious
http://paypalmember.info/login,malicious
https://www.dropbox.com,benign
http://spotifyfinance.com/account,malicious
https://www.spotify.com,benign
http://creditdiscount.edu/verify,malicious
http://twitterforum.co/reset,malicious
http://investinvest.net/login,malicious
http://dealapple.com/reset,malicious
http://twittersync.edu/dashboard,malicious
http://netflixamazon.com/profile,malicious
http://instagramconfirm.edu/secure,malicious
https://www.theguardian.com,benign
https://www.ebay.com,benign
https://www.stackoverflow.com,benign
http://sellverify.biz/confirm,malicious
http://loginbank.org/reset,malicious
http://sellexchange.info/confirm,malicious
http://exchangecustomer.biz/login,malicious
http://cloudaccount.edu/verify,malicious
https://www.adobe.com,benign
https://www.slack.com,benign
http://blogsecure.me/password,malicious
http://buyapple.io/reset,malicious
https://www.amazon.com,benign
https://www.apple.com,benign
http://synctwitter.info/reset,malicious
https://www.github.com,benign
http://applemember.net/password,malicious
http://mailnetflix.io/confirm,malicious
https://www.paypal.com,benign
https://www.spotify.com,benign
https://www.microsoft.com,benign
https://www.spotify.com,benign
https://www.adobe.com,benign
https://www.chase.com,benign
https://www.twitter.com,benign
https://www.theguardian.com,benign
https://www.paypal.com,benign
https://www.washingtonpost.com,benign
https://www.airbnb.com,benign
http://walletinfo.net/reset,malicious
http://investinstagram.net/secure,malicious
https://www.nytimes.com,benign
http://backupsync.biz/profile,malicious
http://buynetflix.biz/login,malicious
http://infopaypal.co/verify,malicious
https://www.slack.com,benign
http://selloffer.edu/password,malicious
http://accountdata.co/confirm,malicious
https://www.cnn.com,benign
http://mailapple.gov/password,malicious
https://www.dropbox.com,benign
https://www.github.com,benign
https://www.washingtonpost.com,benign
http://microsoftdrive.net/reset,malicious
http://debithelp.biz/login,malicious
http://sellsell.co/login,malicious
https://www.slack.com,benign
https://www.airbnb.com,benign
https://www.wikipedia.org,benign
http://databackup.me/update,malicious
http://twitterblockchain.io/password,malicious
https://www.instagram.com,benign
http://servicewallet.org/update,malicious
http://amazonmicrosoft.biz/login,malicious
https://www.amazon.com,benign
https://www.stackoverflow.com,benign
http://exchangemarket.co/profile,malicious
http://serviceuser.co/account,malicious
https://www.dropbox.com,benign
https://www.dropbox.com,benign
https://www.wikipedia.org,benign
http://twittercredit.info/account,malicious
http://amazonaccount.com/dashboard,malicious
https://www.washingtonpost.com,benign
https://www.instagram.com,benign
https://www.theguardian.com,benign
http://shopcloud.co/confirm,malicious
https://www.linkedin.com,benign
http://blogexchange.io/account,malicious
https://www.ebay.com,benign
http://googlewallet.biz/dashboard,malicious
http://cloudcredit.me/reset,malicious
https://www.google.com,benign
https://www.youtube.com,benign
https://www.zoom.us,benign
https://www.google.com,benign
https://www.paypal.com,benign
https://www.apple.com,benign
https://www.paypal.com,benign
https://www.twitter.com,benign
https://www.github.com,benign
https://www.cnn.com,benign
http://accountnetflix.com/secure,malicious
https://www.chase.com,benign
https://www.paypal.com,benign
http://verifybackup.edu/update,malicious
https://www.adobe.com,benign
http://shopservice.me/verify,malicious
http://debitmarket.io/reset,malicious
https://www.github.com,benign
https://www.facebook.com,benign
http://applefinance.co/dashboard,malicious
http://drivewallet.com/profile,malicious
https://www.stackoverflow.com,benign
http://buymember.info/login,malicious
https://www.amazon.com,benign
https://www.stackoverflow.com,benign
http://walletnetflix.info/account,malicious
http://backuptwitter.com/confirm,malicious
http://financesecure.org/confirm,malicious
https://www.slack.com,benign
https://www.cnn.com,benign
https://www.bbc.com,benign
https://www.instagram.com,benign
https://www.reddit.com,benign
https://www.washingtonpost.com,benign
https://www.ebay.com,benign
https://www.instagram.com,benign
http://serviceshop.com/profile,malicious
http://blockchainverify.gov/update,malicious
https://www.etsy.com,benign
https://www.youtube.com,benign
http://accountstore.net/password,malicious
http://marketsell.info/profile,malicious
http://accountbuy.net/profile,malicious
https://www.zoom.us,benign
http://servicesync.org/secure,malicious
http://debitsell.org/password,malicious
http://servicediscount.biz/reset,malicious
http://salemarket.com/account,malicious
http://mailbackup.me/dashboard,malicious
https://www.slack.com,benign
https://www.slack.com,benign
http://buymember.info/password,malicious
http://bloghelp.biz/login,malicious
http://userexchange.biz/account,malicious
https://www.bbc.com,benign
http://debitbank.org/login,malicious
https://www.github.com,benign
http://servicesale.org/verify,malicious
https://www.instagram.com,benign
https://www.stackoverflow.com,benign
http://appleconfirm.edu/confirm,malicious
http://storedebit.edu/confirm,malicious
https://www.ebay.com,benign
https://www.chase.com,benign
http://creditcommunity.co/profile,malicious
http://financeinstagram.biz/account,malicious
http://financecrypto.org/update,malicious
https://www.google.com,benign
http://facebooksell.gov/confirm,malicious
http://cryptohelp.info/login,malicious
https://www.wikipedia.org,benign
https://www.etsy.com,benign
http://communityforum.gov/verify,malicious
http://paypallogin.io/profile,malicious
https://www.paypal.com,benign
http://servicepaypal.org/profile,malicious
https://www.washingtonpost.com,benign
http://buycredit.com/account,malicious
https://www.adobe.com,benign
https://www.wikipedia.org,benign
http://storageoffer.edu/secure,malicious
http://marketcustomer.me/login,malicious
http://datamicrosoft.info/reset,malicious
http://storeinfo.co/dashboard,malicious
https://www.google.com,benign
http://microsoftlinkedin.biz/confirm,malicious
https://www.amazon.com,benign
https://www.etsy.com,benign
http://accounttwitter.edu/update,malicious
http://mailuser.edu/password,malicious
https://www.adobe.com,benign
https://www.adobe.com,benign
https://www.reddit.com,benign
http://membertwitter.info/account,malicious
http://customershop.me/login,malicious
https://www.linkedin.com,benign
https://www.theguardian.com,benign
http://blockchaindeal.gov/secure,malicious
http://infostore.net/verify,malicious
http://storagelinkedin.net/confirm,malicious
http://userblog.info/dashboard,malicious
https://www.ebay.com,benign
https://www.etsy.com,benign
https://www.twitter.com,benign
https://www.reddit.com,benign
http://customerdiscount.gov/verify,malicious
http://dealsupport.com/update,malicious
http://databackup.org/login,malicious
http://exchangeamazon.edu/secure,malicious
http://cloudapple.net/login,malicious
https://www.slack.com,benign
http://communitylinkedin.me/reset,malicious
https://www.facebook.com,benign
https://www.microsoft.com,benign
http://verifymail.com/verify,malicious
https://www.facebook.com,benign
http://netflixinstagram.io/update,malicious
http://dealshop.org/verify,malicious
https://www.chase.com,benign
http://exchangeinstagram.com/login,malicious
http://updatestore.net/profile,malicious
https://www.wellsfargo.com,benign
http://investinvest.edu/secure,malicious
http://paypalstorage.io/login,malicious
http://cryptocloud.io/reset,malicious
http://saletwitter.net/confirm,malicious
https://www.theguardian.com,benign
https://www.youtube.com,benign
https://www.paypal.com,benign
https://www.amazon.com,benign
https://www.facebook.com,benign
https://www.netflix.com,benign
https://www.spotify.com,benign
https://www.slack.com,benign
http://walletmicrosoft.info/update,malicious
http://salecommunity.net/login,malicious
http://logincloud.io/reset,malicious
https://www.etsy.com,benign
http://helpfacebook.net/dashboard,malicious
http://appleinstagram.org/reset,malicious
https://www.spotify.com,benign
https://www.microsoft.com,benign
https://www.bbc.com,benign
http://storewallet.me/password,malicious
https://www.google.com,benign
http://sellfacebook.me/confirm,malicious
http://financebuy.gov/dashboard,malicious
http://memberinfo.net/account,malicious
https://www.linkedin.com,benign
https://www.amazon.com,benign
http://shopcredit.org/verify,malicious
https://www.netflix.com,benign
http://customeramazon.com/reset,malicious
http://debitaccount.co/dashboard,malicious
https://www.facebook.com,benign
https://www.linkedin.com,benign
http://datasecure.co/secure,malicious
https://www.adobe.com,benign
https://www.google.com,benign
http://discountapple.me/account,malicious
http://forumsupport.info/reset,malicious
http://financetwitter.co/account,malicious
https://www.spotify.com,benign
https://www.dropbox.com,benign
http://verifyspotify.co/password,malicious
http://blogshop.edu/dashboard,malicious
https://www.stackoverflow.com,benign
https://www.ebay.com,benign
https://www.zoom.us,benign
https://www.linkedin.com,benign
https://www.washingtonpost.com,benign
https://www.netflix.com,benign
http://googletwitter.io/account,malicious
http://financesell.org/dashboard,malicious
http://cloudforum.gov/profile,malicious
https://www.facebook.com,benign
https://www.airbnb.com,benign
https://www.zoom.us,benign
https://www.bbc.com,benign
http://buyinvest.net/account,malicious
https://www.reddit.com,benign
http://applemember.io/dashboard,malicious
http://twitterdiscount.com/reset,malicious
https://www.apple.com,benign
http://creditspotify.gov/profile,malicious
http://marketdebit.io/password,malicious
http://confirmshop.biz/confirm,malicious
http://microsoftcustomer.io/verify,malicious
http://verifycustomer.me/profile,malicious
http://marketbank.gov/update,malicious
http://creditcredit.org/reset,malicious
https://www.washingtonpost.com,benign
https://www.linkedin.com,benign
http://investcloud.me/update,malicious
https://www.wikipedia.org,benign
http://selloffer.io/update,malicious
https://www.linkedin.com,benign
http://drivecustomer.biz/dashboard,malicious
http://walletservice.gov/verify,malicious
http://blockchaincommunity.com/dashboard,malicious
https://www.paypal.com,benign
http://shopinstagram.edu/profile,malicious
https://www.linkedin.com,benign
https://www.paypal.com,benign
http://memberbank.org/reset,malicious
https://www.youtube.com,benign
https://www.github.com,benign
https://www.airbnb.com,benign
http://instagrambank.io/secure,malicious
https://www.apple.com,benign
http://investstore.edu/profile,malicious
https://www.facebook.com,benign
http://creditlogin.gov/secure,malicious
https://www.ebay.com,benign
http://facebookcrypto.org/reset,malicious
http://exchangehelp.edu/secure,malicious
http://serviceverify.co/password,malicious
http://financesupport.edu/update,malicious
http://buycustomer.gov/dashboard,malicious
http://spotifyupdate.org/verify,malicious
https://www.facebook.com,benign
http://cryptomarket.org/verify,malicious
http://usersupport.info/secure,malicious
https://www.slack.com,benign
http://bankinfo.info/account,malicious
https://www.theguardian.com,benign
https://www.etsy.com,benign
http://driveconfirm.info/reset,malicious
http://maildrive.org/reset,malicious
http://synctwitter.io/verify,malicious
http://storagedeal.edu/login,malicious
https://www.theguardian.com,benign
http://memberblog.org/verify,malicious
http://shopmarket.gov/verify,malicious
http://spotifylinkedin.io/verify,malicious
http://storemail.com/dashboard,malicious
http://debitdeal.edu/profile,malicious
https://www.airbnb.com,benign
http://shopfacebook.net/account,malicious
http://debituser.com/reset,malicious
https://www.dropbox.com,benign
http://linkedinmember.io/verify,malicious
http://confirmstore.net/password,malicious
http://logininfo.com/profile,malicious
https://www.ebay.com,benign
http://shopforum.gov/dashboard,malicious
https://www.wikipedia.org,benign
https://www.github.com,benign
https://www.airbnb.com,benign
http://banksync.org/confirm,malicious
https://www.nytimes.com,benign
https://www.chase.com,benign
http://deallogin.io/secure,malicious
http://verifyamazon.com/account,malicious
https://www.stackoverflow.com,benign
https://www.adobe.com,benign
http://storecustomer.gov/reset,malicious
https://www.adobe.com,benign
https://www.bbc.com,benign
http://logincredit.edu/reset,malicious
https://www.linkedin.com,benign
https://www.paypal.com,benign
http://googlebackup.co/secure,malicious
http://discountlogin.biz/confirm,malicious
http://mailsync.io/reset,malicious
http://maildiscount.me/login,malicious
http://banktwitter.me/dashboard,malicious
http://instagramcustomer.net/login,malicious
http://userlogin.me/account,malicious
http://helpexchange.com/account,malicious
http://investcommunity.info/account,malicious
https://www.wellsfargo.com,benign
http://forumwallet.gov/account,malicious
https://www.reddit.com,benign
http://userservice.me/verify,malicious
http://netflixsell.org/reset,malicious
https://www.reddit.com,benign
https://www.netflix.com,benign
https://www.theguardian.com,benign
https://www.zoom.us,benign
http://marketgoogle.com/reset,malicious
http://drivemarket.edu/login,malicious
https://www.facebook.com,benign
https://www.etsy.com,benign
https://www.chase.com,benign
https://www.google.com,benign
https://www.apple.com,benign
https://www.facebook.com,benign
http://cloudcredit.biz/password,malicious
https://www.nytimes.com,benign
https://www.facebook.com,benign
http://spotifystore.co/password,malicious
http://forumtwitter.me/confirm,malicious
https://www.reddit.com,benign
http://spotifymember.me/dashboard,malicious
https://www.linkedin.com,benign
http://securemicrosoft.info/secure,malicious
http://syncwallet.org/login,malicious
https://www.youtube.com,benign
http://datadeal.edu/password,malicious
http://cloudcrypto.biz/reset,malicious
https://www.reddit.com,benign
http://foruminvest.co/account,malicious
https://www.stackoverflow.com,benign
http://dealcustomer.me/confirm,malicious
https://www.facebook.com,benign
https://www.apple.com,benign
http://buysecure.edu/password,malicious
https://www.paypal.com,benign
http://maildrive.biz/update,malicious
https://www.wikipedia.org,benign
http://spotifymember.org/verify,malicious
http://facebookverify.edu/secure,malicious
https://www.etsy.com,benign
http://confirmbackup.org/reset,malicious
http://communitysecure.org/login,malicious
http://supportdata.info/verify,malicious
https://www.wellsfargo.com,benign
https://www.zoom.us,benign
http://debitshop.edu/verify,malicious
https://www.paypal.com,benign
http://instagramupdate.co/profile,malicious
https://www.nytimes.com,benign
http://financesale.info/dashboard,malicious
https://www.linkedin.com,benign
https://www.spotify.com,benign
http://debitcloud.info/secure,malicious
https://www.github.com,benign
http://shopverify.info/reset,malicious
http://spotifyspotify.info/confirm,malicious
https://www.reddit.com,benign
https://www.google.com,benign
http://confirmpaypal.org/confirm,malicious
https://www.bbc.com,benign
http://investexchange.net/verify,malicious
http://marketfinance.com/dashboard,malicious
http://storagecommunity.edu/update,malicious
http://creditfacebook.me/password,malicious
http://investuser.info/confirm,malicious
https://www.google.com,benign
http://securecommunity.me/dashboard,malicious
http://exchangeapple.net/password,malicious
http://confirmnetflix.io/secure,malicious
https://www.bbc.com,benign
http://serviceexchange.info/password,malicious
http://linkedinbackup.co/verify,malicious
https://www.cnn.com,benign
http://sellbackup.edu/verify,malicious
https://www.ebay.com,benign
https://www.cnn.com,benign
http://clouduser.gov/confirm,malicious
http://amazonbank.edu/password,malicious
https://www.adobe.com,benign
http://marketinvest.edu/account,malicious
http://twitterblog.biz/secure,malicious
http://customerbank.me/reset,malicious
http://syncstorage.biz/dashboard,malicious
https://www.adobe.com,benign
https://www.apple.com,benign
http://microsoftbank.com/secure,malicious
http://forumsell.biz/password,malicious
https://www.facebook.com,benign
http://shopinstagram.info/login,malicious
https://www.ebay.com,benign
https://www.stackoverflow.com,benign
https://www.netflix.com,benign
https://www.ebay.com,benign
https://www.zoom.us,benign
https://www.reddit.com,benign
http://financestorage.net/update,malicious
http://googlebackup.co/profile,malicious
https://www.cnn.com,benign
http://twittersell.biz/reset,malicious
http://amazonstore.io/account,malicious
http://memberexchange.com/secure,malicious
http://syncinfo.biz/secure,malicious
https://www.chase.com,benign
https://www.bbc.com,benign
https://www.wikipedia.org,benign
http://walletsale.info/update,malicious
http://infologin.info/confirm,malicious
https://www.microsoft.com,benign
https://www.twitter.com,benign
http://sellcrypto.net/account,malicious
https://www.slack.com,benign
https://www.instagram.com,benign
https://www.wellsfargo.com,benign
https://www.github.com,benign
http://walletoffer.net/profile,malicious
https://www.theguardian.com,benign
https://www.nytimes.com,benign
https://www.netflix.com,benign
https://www.twitter.com,benign
http://memberoffer.com/update,malicious
https://www.microsoft.com,benign
http://instagrambackup.net/update,malicious
http://twittermicrosoft.io/password,malicious
http://loginlinkedin.gov/secure,malicious
http://creditcustomer.info/account,malicious
http://userspotify.info/secure,malicious
http://googlebank.co/secure,malicious
http://netflixverify.com/update,malicious
https://www.reddit.com,benign
http://walletbank.com/dashboard,malicious
http://instagramstorage.biz/update,malicious
https://www.twitter.com,benign
https://www.cnn.com,benign
https://www.bbc.com,benign
http://twitterdeal.co/profile,malicious
https://www.apple.com,benign
https://www.google.com,benign
http://debithelp.net/profile,malicious
https://www.github.com,benign
http://confirmcommunity.co/account,malicious
https://www.youtube.com,benign
http://paypalcommunity.info/confirm,malicious
http://linkedinsupport.org/reset,malicious
https://www.nytimes.com,benign
https://www.spotify.com,benign
http://helpsecure.gov/password,malicious
http://forummember.gov/account,malicious
http://malicious-phishing.com/login,malicious
http://fake-bank-portal.net/secure,malicious
http://credential-stealer.org/verify,malicious
http://malware-distribution.biz/download,malicious
http://data-exfiltration.xyz/collect,malicious
http://command-control.cc/beacon,malicious
http://ransomware-delivery.ru/encrypt,malicious
http://exploit-kit-host.cn/exploit,malicious
http://banking-trojan.io/inject,malicious
http://cryptominer.me/mine,malicious
